{"cameraMode":{"drawMode":0,"name":"Shaded","section":"Shading Mode"},"sceneLighting":true,"audioPlay":false,"sceneViewState":{"showFog":false,"showMaterialUpdate":false,"showSkybox":true,"showFlares":false,"showImageEffects":true,"showParticleSystems":true},"in2DMode":false,"pivot":{"x":0.5041047930717468,"y":1.7780048847198487,"z":-1.6418062448501588},"rotation":{"x":-0.04767213389277458,"y":0.9269230961799622,"z":-0.12619276344776154,"w":-0.35016611218452456},"size":4.866133689880371,"orthographic":false}