{"cameraMode":{"drawMode":0,"name":"Shaded","section":"Shading Mode"},"sceneLighting":true,"audioPlay":false,"sceneViewState":{"showFog":false,"showMaterialUpdate":false,"showSkybox":true,"showFlares":false,"showImageEffects":true,"showParticleSystems":true},"in2DMode":false,"pivot":{"x":-14.191593170166016,"y":-3.017465829849243,"z":-9.309289932250977},"rotation":{"x":-0.05367257073521614,"y":0.8773045539855957,"z":-0.10098540782928467,"w":-0.46617287397384646},"size":7.6100544929504398,"orthographic":false}