{"cameraMode":{"drawMode":0,"name":"Shaded","section":"Shading Mode"},"sceneLighting":true,"audioPlay":false,"sceneViewState":{"showFog":false,"showMaterialUpdate":false,"showSkybox":true,"showFlares":false,"showImageEffects":true,"showParticleSystems":true},"in2DMode":false,"pivot":{"x":-9.427477836608887,"y":-7.386197566986084,"z":-15.570196151733399},"rotation":{"x":0.04929962009191513,"y":-0.9480453729629517,"z":0.18281958997249604,"w":0.2556532025337219},"size":10.488795280456543,"orthographic":false}