{"cameraMode":{"drawMode":0,"name":"Shaded","section":"Shading Mode"},"sceneLighting":true,"audioPlay":false,"sceneViewState":{"showFog":false,"showMaterialUpdate":false,"showSkybox":true,"showFlares":false,"showImageEffects":true,"showParticleSystems":true},"in2DMode":false,"pivot":{"x":-2.747515916824341,"y":-1.2456591129302979,"z":-9.342523574829102},"rotation":{"x":-0.017112337052822114,"y":0.9756771922111511,"z":-0.08244381099939347,"w":-0.20245613157749177},"size":4.668490409851074,"orthographic":false}